employee_name,employee_id,is_married,marital_status_id,employee_status_id,department_id,perf_score_id,is_diversity_job_fair,employee_salary,is_active,is_terminated,position_id,position,location_state,location_zip,employee_dob,gender_id,gender_code,is_underrep_gender,marital_status_name,is_citizen,citizenship_status,is_hispanic_latino,employee_race_ethnicity,is_underrep_race_eth,hired_date,terminated_date,terminated_reason,employee_status,department,source_recruiting,perf_score,survey_engagement_score,survey_emp_satisfaction_score,count_special_projects,last_perf_review_date,count_days_late_past_30_days,count_absences
"Buccheri, Joseph  ",10184,0,0,1,5,3,0,65288,1,0,21,Production Technician II,MA,1013,7/28/1983,1,M ,1,Single,1,US Citizen,0,White,0,9/29/2014,,,Active,Production,Google Search,Fully Meets,3.19,3,0,2/1/2019,0,9
"Nowlan, Kristie",10104,0,0,1,5,3,0,66738,1,0,21,Production Technician II,MA,1040,11/23/1985,0,F,0,Single,1,US Citizen,0,White,0,11/10/2014,,,Active,Production,Indeed,Fully Meets,4.53,5,0,1/16/2019,0,5
"Robinson, Alain  ",10047,1,1,3,5,3,0,50428,0,1,20,Production Technician I,MA,1420,1/7/1974,1,M ,1,Married,1,US Citizen,0,Black or African American,1,1/10/2011,1/26/2016,Attendance Issues,Voluntarily Terminated,Production,Indeed,Fully Meets,5,3,0,1/10/2015,0,11
"Tredinnick, Neville ",10044,1,1,3,3,3,0,75281,0,1,17,Network Engineer,MA,1420,5/5/1988,1,M ,1,Married,1,US Citizen,0,White,0,1/5/2015,2/12/2016,Medical Issues,Voluntarily Terminated,IT/IS,CareerBuilder,Fully Meets,5,3,5,4/15/2015,0,11
"Brown, Mia",10238,1,1,1,2,3,1,63000,1,0,1,Accountant I,MA,1450,11/24/1987,0,F,0,Married,1,US Citizen,0,Black or African American,1,10/27/2008,,,Active,Admin Offices,Diversity Job Fair,Fully Meets,4.5,2,6,1/15/2019,0,14
"Monkfish, Erasumus",10213,1,1,1,5,3,0,58207,1,0,21,Production Technician II,MA,1450,8/17/1992,1,M ,1,Married,1,US Citizen,0,White,0,11/7/2011,,,Active,Production,LinkedIn,Fully Meets,3.7,3,0,1/8/2019,0,14
"Robinson, Cherly",10285,1,1,2,5,2,0,61422,0,1,20,Production Technician I,MA,1460,1/7/1985,0,F,0,Married,1,US Citizen,0,White,0,1/10/2011,5/17/2016,Attendance Issues,Terminated for Cause,Production,Indeed,Needs Improvement,3.6,3,0,4/5/2016,4,16
"Foss, Jason",10015,0,0,1,3,4,0,178000,1,0,12,IT Director,MA,1460,7/5/1980,1,M ,1,Single,1,US Citizen,0,Black or African American,1,4/15/2011,,,Active,IT/IS,Indeed,Exceeds,5,5,5,1/7/2019,0,15
"LaRotonda, William  ",10038,0,2,1,2,3,0,64520,1,0,1,Accountant I,MA,1460,4/26/1984,1,M ,1,Divorced,1,US Citizen,0,Black or African American,1,1/6/2014,,,Active,Admin Offices,Website,Fully Meets,5,4,4,1/17/2019,0,3
"LeBlanc, Brandon  R",10134,1,1,1,2,3,0,93046,1,0,25,Shared Services Manager,MA,1460,6/10/1984,1,M ,1,Married,1,US Citizen,0,White,0,1/5/2016,,,Active,Admin Offices,CareerBuilder,Fully Meets,4.1,4,0,1/28/2019,0,20
"Moumanil, Maliki ",10120,0,3,1,5,3,0,74417,1,0,21,Production Technician II,MA,1460,12/1/1974,1,M ,1,Separated,1,US Citizen,0,Black or African American,1,5/13/2013,,,Active,Production,LinkedIn,Fully Meets,4.29,5,0,1/28/2019,0,11
"Soze, Keyser",10180,1,1,1,3,3,0,87565,1,0,30,Sr. Network Engineer,MA,1545,2/9/1983,1,M ,1,Married,1,US Citizen,0,Asian,1,6/30/2016,,,Active,IT/IS,LinkedIn,Fully Meets,3.27,4,5,1/14/2019,0,13
"Myers, Michael",10216,0,0,1,5,3,0,57575,1,0,20,Production Technician I,MA,1550,4/18/1980,1,M ,1,Single,1,US Citizen,0,Asian,1,7/8/2013,,,Active,Production,LinkedIn,Fully Meets,4.1,4,0,1/22/2019,0,13
"Brill, Donna",10177,1,1,3,5,3,0,53492,0,1,20,Production Technician I,MA,1701,8/24/1990,0,F,0,Married,1,US Citizen,0,White,0,4/2/2012,6/15/2013,Another Position,Voluntarily Terminated,Production,Google Search,Fully Meets,3.35,4,0,3/4/2013,0,6
"Carey, Michael  ",10115,0,0,1,5,3,0,52846,1,0,20,Production Technician I,MA,1701,2/2/1983,1,M ,1,Single,1,US Citizen,0,Black or African American,1,3/31/2014,,,Active,Production,LinkedIn,Fully Meets,4.43,3,0,2/1/2019,0,14
"Knapp, Bradley  J",10208,0,0,1,5,3,0,46654,1,0,20,Production Technician I,MA,1721,11/10/1977,1,M ,1,Single,1,US Citizen,0,Black or African American,1,2/17/2014,,,Active,Production,LinkedIn,Fully Meets,3.1,3,0,2/6/2019,0,3
"Robinson, Elias",10020,0,4,1,5,4,0,63353,1,0,20,Production Technician I,MA,1730,1/28/1985,1,M ,1,Widowed,1,US Citizen,0,White,0,7/8/2013,,,Active,Production,Employee Referral,Exceeds,3.6,5,0,2/11/2019,0,4
"Zima, Colleen",10271,0,4,1,5,3,0,45046,1,0,20,Production Technician I,MA,1730,8/17/1978,0,F,0,Widowed,1,US Citizen,0,Asian,1,9/29/2014,,,Active,Production,LinkedIn,Fully Meets,4.5,5,0,1/30/2019,0,2
"Dunn, Amy  ",10105,0,0,1,5,3,0,75188,1,0,19,Production Manager,MA,1731,11/28/1973,0,F,0,Single,1,US Citizen,0,White,0,9/18/2014,,,Active,Production,Google Search,Fully Meets,4.52,4,0,1/15/2019,0,4
"Power, Morissa",10187,0,2,3,5,3,0,46799,0,1,20,Production Technician I,MA,1742,10/15/1984,0,F,0,Divorced,0,Eligible NonCitizen,0,Asian,1,5/16/2011,6/4/2018,Another Position,Voluntarily Terminated,Production,Google Search,Fully Meets,3.17,4,0,4/2/2018,0,14
"Huynh, Ming",10160,0,2,3,5,3,0,68182,0,1,21,Production Technician II,MA,1742,9/22/1976,0,F,0,Divorced,1,US Citizen,0,White,0,2/21/2011,4/1/2013,Unhappy,Voluntarily Terminated,Production,Google Search,Fully Meets,3.72,3,0,2/1/2013,0,18
"Exantus, Susan",10290,1,1,2,4,2,0,99280,0,1,24,Software Engineer,MA,1749,5/15/1987,0,F,0,Married,1,US Citizen,0,Black or African American,1,5/2/2011,6/5/2013,Attendance Issues,Terminated for Cause,Software Engineering,Indeed,Needs Improvement,2.1,5,4,8/10/2012,4,19
"Dunne, Amy",10211,1,1,1,5,3,0,62514,1,0,20,Production Technician I,MA,1749,9/23/1973,0,F,0,Married,1,US Citizen,0,White,0,4/26/2010,,,Active,Production,Google Search,Fully Meets,2.9,3,0,1/21/2019,0,6
"Cloninger, Jennifer",10275,1,1,3,5,3,0,64066,0,1,21,Production Technician II,MA,1752,8/31/1981,0,F,0,Married,1,US Citizen,0,White,0,5/16/2011,1/7/2013,Unhappy,Voluntarily Terminated,Production,Google Search,Fully Meets,4.2,5,0,5/3/2012,0,9
"Gray, Elijiah  ",10098,0,2,1,5,3,0,62957,1,0,19,Production Manager,MA,1752,7/11/1981,1,M ,1,Divorced,1,US Citizen,0,White,0,6/2/2015,,,Active,Production,Employee Referral,Fully Meets,4.63,3,0,1/4/2019,0,2
"Meads, Elizabeth",10128,0,0,3,5,3,1,62659,0,1,20,Production Technician I,MA,1760,5/30/1968,0,F,0,Single,1,US Citizen,0,Black or African American,1,4/2/2012,11/11/2016,Another Position,Voluntarily Terminated,Production,Diversity Job Fair,Fully Meets,4.18,4,0,2/5/2016,0,17
"Owad, Clinton",10281,0,0,1,5,2,0,53060,1,0,20,Production Technician I,MA,1760,11/24/1979,1,M ,1,Single,1,US Citizen,0,Black or African American,1,2/17/2014,,,Active,Production,LinkedIn,Needs Improvement,4.25,3,0,2/4/2019,4,6
"Linden, Mathew",10137,1,1,1,5,3,0,63450,1,0,21,Production Technician II,MA,1770,3/19/1979,1,M ,1,Married,1,US Citizen,0,White,0,7/8/2013,,,Active,Production,LinkedIn,Fully Meets,4,3,0,2/18/2019,0,7
"Shepard, Anita ",10179,1,1,1,3,3,0,50750,1,0,17,Network Engineer,MA,1773,4/14/1981,0,F,0,Married,1,US Citizen,0,White,0,9/30/2014,,,Active,IT/IS,LinkedIn,Fully Meets,3.31,3,6,1/7/2019,0,7
"Chivukula, Enola",10240,0,0,3,5,3,0,64786,0,1,20,Production Technician I,MA,1775,8/27/1983,0,F,0,Single,1,US Citizen,0,White,0,6/27/2011,11/15/2015,Relocation Out of Area,Voluntarily Terminated,Production,Indeed,Fully Meets,4.3,4,0,3/10/2015,0,3
"Ivey, Rose ",10139,0,0,1,5,3,0,51908,1,0,20,Production Technician I,MA,1775,1/28/1991,0,F,0,Single,1,US Citizen,0,White,0,8/19/2013,,,Active,Production,Indeed,Fully Meets,3.99,3,0,1/14/2019,0,14
"Lecter, Hannibal",10251,1,1,1,5,3,0,64738,1,0,20,Production Technician I,MA,1776,9/2/1982,1,M ,1,Married,1,US Citizen,0,Asian,1,5/14/2012,,,Active,Production,Google Search,Fully Meets,4.1,3,0,2/22/2019,0,10
"Sullivan, Kissy ",10158,1,1,1,5,3,0,63682,1,0,19,Production Manager,MA,1776,3/28/1978,0,F,0,Married,1,US Citizen,0,Black or African American,1,1/8/2009,,,Active,Production,Indeed,Fully Meets,3.73,4,0,1/24/2019,0,12
"Trzeciak, Cybil",10270,0,0,3,5,3,0,74813,0,1,21,Production Technician II,MA,1778,3/15/1985,0,F,0,Single,1,US Citizen,0,White,0,1/10/2011,7/2/2014,Unhappy,Voluntarily Terminated,Production,LinkedIn,Fully Meets,4.4,3,0,1/5/2014,0,5
"Jacobi, Hannah  ",10236,0,2,1,5,3,0,45069,1,0,20,Production Technician I,MA,1778,3/22/1966,0,F,0,Divorced,1,US Citizen,0,White,0,9/30/2013,,,Active,Production,Employee Referral,Fully Meets,4.3,5,0,2/22/2019,0,7
"Tavares, Desiree  ",10221,1,1,3,5,3,1,60754,0,1,20,Production Technician I,MA,1801,4/3/1975,0,F,0,Married,0,Non-Citizen,0,Black or African American,1,4/27/2009,4/1/2013,Another Position,Voluntarily Terminated,Production,Diversity Job Fair,Fully Meets,4.5,5,0,2/15/2012,0,11
"Kretschmer, John",10176,1,1,1,5,3,0,63973,1,0,20,Production Technician I,MA,1801,2/2/1980,1,M ,1,Married,1,US Citizen,0,Asian,1,1/10/2011,,,Active,Production,Indeed,Fully Meets,3.38,3,0,1/21/2019,0,17
"Saar-Beckles, Melinda",10295,0,0,1,5,2,1,47750,1,0,20,Production Technician I,MA,1801,6/6/1968,0,F,0,Single,1,US Citizen,0,Black or African American,1,7/4/2016,,,Active,Production,Diversity Job Fair,Needs Improvement,2.6,4,0,2/18/2019,5,4
"Corleone, Michael",10282,0,2,1,5,2,0,68051,1,0,19,Production Manager,MA,1803,12/17/1975,1,M ,1,Divorced,1,US Citizen,0,White,0,7/20/2010,,,Active,Production,CareerBuilder,Needs Improvement,4.13,2,0,1/14/2019,3,3
"Akinkuolie, Sarah",10196,1,1,3,5,3,0,64955,0,1,21,Production Technician II,MA,1810,9/19/1988,0,F,0,Married,1,US Citizen,0,White,0,7/5/2011,9/24/2012,Hours,Voluntarily Terminated,Production,LinkedIn,Fully Meets,3.02,3,0,5/15/2012,0,3
"Leach, Dallas",10087,0,0,3,5,3,0,63676,0,1,20,Production Technician I,MA,1810,1/17/1979,0,F,0,Single,1,US Citizen,0,Asian,1,9/26/2011,8/19/2018,Return to School,Voluntarily Terminated,Production,CareerBuilder,Fully Meets,4.88,3,0,7/2/2017,0,17
"DeGweck,  James",10070,1,1,3,5,3,0,55722,0,1,20,Production Technician I,MA,1810,10/31/1977,1,M ,1,Married,1,US Citizen,0,White,0,5/16/2011,6/8/2016,Unhappy,Voluntarily Terminated,Production,Indeed,Fully Meets,5,4,0,4/2/2016,0,14
"Barone, Francesco  A",10265,0,0,1,5,3,0,58709,1,0,20,Production Technician I,MA,1810,7/20/1983,1,M ,1,Single,1,US Citizen,0,Two or more races,1,2/20/2012,,,Active,Production,Google Search,Fully Meets,4.6,4,0,2/14/2019,0,7
"Costello, Frank",10193,1,1,1,3,3,0,83552,1,0,9,Data Analyst,MA,1810,8/26/1986,1,M ,1,Married,1,US Citizen,0,White,0,3/30/2015,,,Active,IT/IS,Indeed,Fully Meets,3.04,3,6,1/22/2019,0,2
"Ngodup, Shari ",10037,0,3,1,5,4,1,52984,1,0,20,Production Technician I,MA,1810,6/3/1967,0,F,0,Separated,1,US Citizen,0,Black or African American,1,4/1/2013,,,Active,Production,Diversity Job Fair,Exceeds,4,3,0,2/13/2019,0,12
"Woodson, Jason",10135,0,0,1,5,3,0,65893,1,0,21,Production Technician II,MA,1810,5/11/1985,1,M ,1,Single,1,US Citizen,0,White,0,7/7/2014,,,Active,Production,LinkedIn,Fully Meets,4.07,4,0,2/28/2019,0,13
"Crimmings,   Jean",10132,0,0,1,5,3,0,56149,1,0,20,Production Technician I,MA,1821,4/10/1987,0,F,0,Single,1,US Citizen,0,White,0,7/6/2016,,,Active,Production,LinkedIn,Fully Meets,4.12,5,0,1/28/2019,0,15
"Jeannite, Tayana",10009,0,2,1,5,4,0,60724,1,0,21,Production Technician II,MA,1821,11/6/1986,0,F,0,Divorced,1,US Citizen,0,American Indian or Alaska Native,1,7/5/2011,,,Active,Production,LinkedIn,Exceeds,4.6,4,0,2/25/2019,0,11
"Faller, Megan ",10263,1,1,1,5,3,0,71776,1,0,21,Production Technician II,MA,1824,9/22/1978,0,F,0,Married,1,US Citizen,0,Black or African American,1,7/7/2014,,,Active,Production,LinkedIn,Fully Meets,4.4,5,0,2/22/2019,0,17
"Gosciminski, Phylicia  ",10218,0,3,1,5,3,0,66149,1,0,21,Production Technician II,MA,1824,12/8/1983,0,F,0,Separated,1,US Citizen,0,American Indian or Alaska Native,1,9/30/2013,,,Active,Production,Google Search,Fully Meets,4.4,5,0,2/21/2019,0,1
"Lynch, Lindsay",10004,0,0,3,5,4,1,47434,0,1,20,Production Technician I,MA,1844,2/14/1973,0,F,0,Single,1,US Citizen,1,Black or African American,1,11/7/2011,11/14/2015,Another Position,Voluntarily Terminated,Production,Diversity Job Fair,Exceeds,5,4,0,2/2/2015,0,17
"Patronick, Lucas",10005,0,0,3,4,4,1,108987,0,1,24,Software Engineer,MA,1844,2/20/1979,1,M ,1,Single,1,US Citizen,0,Black or African American,1,11/7/2011,9/7/2015,Another Position,Voluntarily Terminated,Software Engineering,Diversity Job Fair,Exceeds,5,5,3,8/16/2015,0,13
"Smith, Leigh Ann",10153,1,1,3,2,3,1,55000,0,1,2,Administrative Assistant,MA,1844,6/14/1987,0,F,0,Married,1,US Citizen,0,Black or African American,1,9/26/2011,9/25/2013,Career Change,Voluntarily Terminated,Admin Offices,Diversity Job Fair,Fully Meets,3.8,4,4,8/15/2013,0,17
"Anderson, Linda  ",10002,0,0,1,5,4,0,57568,1,0,20,Production Technician I,MA,1844,5/22/1977,0,F,0,Single,1,US Citizen,0,White,0,1/9/2012,,,Active,Production,LinkedIn,Exceeds,5,5,0,1/7/2019,0,15
"Chang, Donovan  E",10154,0,0,1,5,3,0,60380,1,0,20,Production Technician I,MA,1845,8/24/1983,1,M ,1,Single,1,US Citizen,0,White,0,7/8/2013,,,Active,Production,LinkedIn,Fully Meets,3.8,5,0,1/14/2019,0,4
"Sloan, Constance",10095,0,0,3,5,3,0,63878,0,1,21,Production Technician II,MA,1851,11/25/1987,0,F,0,Single,1,US Citizen,0,White,0,10/26/2009,4/8/2015,Maternity Leave - Did Not Return,Voluntarily Terminated,Production,CareerBuilder,Fully Meets,4.68,4,0,4/2/2015,0,20
"Goyal, Roxana",10256,1,1,1,5,3,0,49256,1,0,20,Production Technician I,MA,1864,10/9/1974,0,F,0,Married,1,US Citizen,0,Asian,1,8/19/2013,,,Active,Production,LinkedIn,Fully Meets,4.1,5,0,2/15/2019,0,3
"Wilkes, Annie",10204,0,2,3,5,3,0,58062,0,1,20,Production Technician I,MA,1876,7/30/1983,0,F,0,Divorced,1,US Citizen,0,White,0,1/10/2011,5/14/2012,Another Position,Voluntarily Terminated,Production,Google Search,Fully Meets,3.6,5,0,2/6/2011,0,9
"Cole, Spencer",10292,0,0,2,5,2,0,59144,0,1,20,Production Technician I,MA,1880,8/12/1979,1,M ,1,Single,1,US Citizen,0,Black or African American,1,7/11/2011,9/23/2016,Performance,Terminated for Cause,Production,LinkedIn,Needs Improvement,2,3,0,5/1/2016,5,16
"Peters, Lauren",10032,1,1,3,5,4,0,57954,0,1,21,Production Technician II,MA,1886,8/17/1986,0,F,0,Married,1,US Citizen,0,White,0,5/16/2011,2/4/2013,More Money,Voluntarily Terminated,Production,Indeed,Exceeds,4.2,5,0,1/10/2013,0,12
"Linares, Marilyn ",10186,1,1,3,5,3,0,52624,0,1,20,Production Technician I,MA,1886,3/26/1981,0,F,0,Married,1,US Citizen,0,White,0,7/5/2011,9/26/2018,Unhappy,Voluntarily Terminated,Production,Indeed,Fully Meets,3.18,4,0,3/2/2018,0,16
"Alagbe,Trina",10088,1,1,1,5,3,0,64991,1,0,20,Production Technician I,MA,1886,9/27/1988,0,F,0,Married,1,US Citizen,0,White,0,1/7/2008,,,Active,Production,Indeed,Fully Meets,4.84,5,0,1/3/2019,0,15
"Bacong, Alejandro ",10250,0,2,1,3,3,0,50178,1,0,16,IT Support,MA,1886,1/7/1988,1,M ,1,Divorced,1,US Citizen,0,White,0,1/5/2015,,,Active,IT/IS,Indeed,Fully Meets,5,5,6,2/18/2019,0,16
"Carr, Claudia  N",10082,0,0,1,3,3,0,100031,1,0,29,Sr. DBA,MA,1886,6/6/1986,0,F,0,Single,1,US Citizen,0,Black or African American,1,6/30/2016,,,Active,IT/IS,LinkedIn,Fully Meets,5,5,6,2/18/2019,0,7
"Dougall, Eric",10028,0,0,1,3,4,0,138888,1,0,14,IT Manager - Support,MA,1886,7/9/1970,1,M ,1,Single,1,US Citizen,0,Black or African American,1,1/5/2014,,,Active,IT/IS,Indeed,Exceeds,4.3,5,5,1/4/2019,0,4
"Good, Susan",10237,1,1,1,5,3,0,66825,1,0,21,Production Technician II,MA,1886,5/25/1986,0,F,0,Married,1,US Citizen,0,White,0,5/12/2014,,,Active,Production,LinkedIn,Fully Meets,4.6,3,0,2/7/2019,0,20
"Harrison, Kara",10007,1,1,1,5,4,0,62065,1,0,20,Production Technician I,MA,1886,5/2/1974,0,F,0,Married,1,US Citizen,0,White,0,5/12/2014,,,Active,Production,CareerBuilder,Exceeds,4.76,4,0,2/15/2019,0,5
"Le, Binh",10232,0,0,1,3,3,0,81584,1,0,23,Senior BI Developer,MA,1886,6/14/1987,0,F,0,Single,1,US Citizen,0,Asian,1,10/2/2016,,,Active,IT/IS,Indeed,Fully Meets,4.1,5,7,1/8/2019,0,2
"Petrowsky, Thelma",10016,1,1,1,3,4,0,93554,1,0,9,Data Analyst,MA,1886,9/16/1984,0,F,0,Married,1,US Citizen,0,Black or African American,1,11/10/2014,,,Active,IT/IS,Employee Referral,Exceeds,4.6,5,7,1/4/2019,0,16
"Roby, Lori ",10162,1,1,1,3,3,0,89883,1,0,9,Data Analyst,MA,1886,10/11/1981,0,F,0,Married,1,US Citizen,0,White,0,2/16/2015,,,Active,IT/IS,Employee Referral,Fully Meets,3.69,5,6,2/14/2019,0,15
"Rose, Ashley  ",10054,0,3,1,5,3,0,60627,1,0,20,Production Technician I,MA,1886,12/5/1974,0,F,0,Separated,1,US Citizen,0,White,0,1/6/2014,,,Active,Production,Website,Fully Meets,5,4,0,1/31/2019,0,8
"Smith, John",10291,0,2,1,6,2,1,72992,1,0,22,Sales Manager,MA,1886,8/16/1984,1,M ,1,Divorced,1,US Citizen,0,Black or African American,1,5/18/2014,,,Active,Sales,Diversity Job Fair,Needs Improvement,2.4,4,0,1/16/2019,2,16
"Wallace, Theresa",10293,0,0,3,5,2,0,50274,0,1,20,Production Technician I,MA,1887,8/2/1980,0,F,0,Single,1,US Citizen,0,White,0,8/13/2012,9/1/2015,Career Change,Voluntarily Terminated,Production,CareerBuilder,Needs Improvement,2.5,3,0,9/5/2014,6,13
"Keatts, Kramer ",10192,0,0,1,5,3,0,50482,1,0,20,Production Technician I,MA,1887,1/19/1976,1,M ,1,Single,1,US Citizen,0,White,0,9/30/2013,,,Active,Production,Indeed,Fully Meets,3.07,4,0,1/23/2019,0,10
"Wang, Charlie",10172,0,0,1,3,3,0,84903,1,0,23,Senior BI Developer,MA,1887,7/8/1981,1,M ,1,Single,1,US Citizen,0,Asian,1,2/15/2017,,,Active,IT/IS,Indeed,Fully Meets,3.42,4,7,1/4/2019,0,17
"Landa, Hans",10092,1,1,2,5,3,0,82758,0,1,19,Production Manager,MA,1890,7/1/1972,1,M ,1,Married,1,US Citizen,0,White,0,1/10/2011,12/12/2015,Attendance Issues,Terminated for Cause,Production,Employee Referral,Fully Meets,4.78,4,0,2/15/2015,0,9
"Burkett, Benjamin ",10181,1,1,1,5,3,0,62162,1,0,21,Production Technician II,MA,1890,8/19/1977,1,M ,1,Married,1,US Citizen,0,White,0,4/4/2011,,,Active,Production,Indeed,Fully Meets,3.25,5,0,1/14/2019,0,15
"Bozzi, Charles",10175,0,0,3,5,3,0,74312,0,1,19,Production Manager,MA,1901,3/10/1970,1,M ,1,Single,1,US Citizen,0,Asian,1,9/30/2013,8/7/2014,Retiring,Voluntarily Terminated,Production,Indeed,Fully Meets,3.39,3,0,2/20/2014,0,14
"Roberson, May",10230,0,2,3,5,3,0,64971,0,1,21,Production Technician II,MA,1902,9/5/1981,0,F,0,Divorced,0,Eligible NonCitizen,0,Black or African American,1,9/26/2011,10/22/2011,Return to School,Voluntarily Terminated,Production,Google Search,Fully Meets,4.5,4,0,10/22/2011,0,10
"Bachiochi, Linda",10114,0,0,1,5,3,1,47837,1,0,20,Production Technician I,MA,1902,2/11/1970,0,F,0,Single,1,US Citizen,0,Black or African American,1,7/6/2009,,,Active,Production,Diversity Job Fair,Fully Meets,4.46,3,0,1/25/2019,0,4
"King, Janet",10089,1,1,1,1,3,0,250000,1,0,18,President & CEO,MA,1902,9/21/1954,0,F,0,Married,1,US Citizen,1,White,0,7/2/2012,,,Active,Executive Office,Indeed,Fully Meets,4.83,3,0,1/17/2019,0,10
"Garcia, Raul",10111,0,0,1,5,3,0,52249,1,0,20,Production Technician I,MA,1905,9/15/1985,1,M ,1,Single,1,US Citizen,1,White,0,3/30/2015,,,Active,Production,Employee Referral,Fully Meets,4.5,3,0,2/18/2019,0,5
"Ruiz, Ricardo",10222,0,2,3,3,3,1,148999,0,1,13,IT Manager - DB,MA,1915,1/4/1964,1,M ,1,Divorced,1,US Citizen,0,Black or African American,1,1/9/2012,11/4/2015,Hours,Voluntarily Terminated,IT/IS,Diversity Job Fair,Fully Meets,4.3,4,6,1/4/2015,0,8
"Beatrice, Courtney ",10055,0,0,1,5,3,0,59026,1,0,20,Production Technician I,MA,1915,10/27/1970,0,F,0,Single,0,Eligible NonCitizen,0,White,0,4/4/2011,,,Active,Production,Google Search,Fully Meets,5,5,0,1/14/2019,0,12
"MacLennan, Samuel",10191,0,4,3,5,3,0,52788,0,1,20,Production Technician I,MA,1938,11/9/1972,1,M ,1,Widowed,1,US Citizen,0,White,0,9/24/2012,9/26/2017,Hours,Voluntarily Terminated,Production,Indeed,Fully Meets,3.08,4,0,4/1/2017,0,18
"Voldemort, Lord",10118,1,1,2,3,3,0,113999,0,1,8,Database Administrator,MA,1960,8/7/1986,1,M ,1,Married,1,US Citizen,0,Black or African American,1,2/16/2015,2/22/2017,"No-call, No-show",Terminated for Cause,IT/IS,Employee Referral,Fully Meets,4.33,3,7,2/15/2017,0,9
"Adinolfi, Wilson  K",10026,0,0,1,5,4,0,62506,1,0,20,Production Technician I,MA,1960,7/10/1983,1,M ,1,Single,1,US Citizen,0,White,0,7/5/2011,,,Active,Production,LinkedIn,Exceeds,4.6,5,0,1/17/2019,0,1
"Hendrickson, Trina",10075,0,0,3,5,3,0,68099,0,1,21,Production Technician II,MA,2021,8/27/1972,0,F,0,Single,1,US Citizen,0,White,0,1/10/2011,6/18/2013,Hours,Voluntarily Terminated,Production,CareerBuilder,Fully Meets,5,3,0,1/30/2013,0,15
"Hunts, Julissa",10201,0,0,1,5,3,0,69340,1,0,21,Production Technician II,MA,2021,3/11/1984,0,F,0,Single,1,US Citizen,0,White,0,6/6/2016,,,Active,Production,LinkedIn,Fully Meets,3,5,0,1/18/2019,0,4
"Trang, Mei",10287,0,0,1,5,2,0,63025,1,0,20,Production Technician I,MA,2021,5/16/1983,0,F,0,Single,1,US Citizen,0,White,0,2/17/2014,,,Active,Production,LinkedIn,Needs Improvement,2.44,5,0,2/11/2019,4,18
"Becker, Renee",10245,0,0,2,3,3,0,110000,0,1,8,Database Administrator,MA,2026,4/4/1986,0,F,0,Single,1,US Citizen,1,White,0,7/7/2014,9/12/2015,Performance,Terminated for Cause,IT/IS,Google Search,Fully Meets,4.5,4,5,1/15/2015,0,8
"Engdahl, Jean",10247,0,0,1,5,3,0,48888,1,0,20,Production Technician I,MA,2026,5/31/1974,1,M ,1,Single,1,US Citizen,0,White,0,11/10/2014,,,Active,Production,LinkedIn,Fully Meets,4.7,5,0,2/13/2019,0,8
"Biden, Lowan  M",10226,0,2,1,5,3,0,64919,1,0,20,Production Technician I,MA,2027,12/27/1958,0,F,0,Divorced,1,US Citizen,0,Asian,1,8/19/2013,,,Active,Production,Indeed,Fully Meets,4.2,3,0,1/10/2019,0,2
"Peterson, Ebonee  ",10130,1,1,3,5,3,0,74669,0,1,19,Production Manager,MA,2030,5/9/1977,0,F,0,Married,1,US Citizen,0,White,0,10/25/2010,5/18/2016,Another Position,Voluntarily Terminated,Production,Indeed,Fully Meets,4.16,5,0,3/5/2015,0,6
"Whittier, Scott",10072,0,0,3,5,3,0,58371,0,1,20,Production Technician I,MA,2030,5/24/1987,1,M ,1,Single,1,US Citizen,1,White,0,1/10/2011,5/15/2014,Hours,Voluntarily Terminated,Production,LinkedIn,Fully Meets,5,5,0,5/15/2014,0,11
"Corleone, Vito",10019,0,0,1,5,4,0,170500,1,0,10,Director of Operations,MA,2030,3/19/1983,1,M ,1,Single,1,US Citizen,0,Black or African American,1,1/5/2009,,,Active,Production,Indeed,Exceeds,3.7,5,0,2/4/2019,0,15
"Billis, Helen",10003,1,1,1,5,4,0,62910,1,0,20,Production Technician I,MA,2031,9/1/1989,0,F,0,Married,1,US Citizen,0,White,0,7/7/2014,,,Active,Production,Indeed,Exceeds,5,3,0,2/27/2019,0,19
"Bugali, Josephine ",10203,0,3,1,5,3,1,64375,1,0,20,Production Technician I,MA,2043,10/30/1969,0,F,0,Separated,1,US Citizen,0,Black or African American,1,11/11/2013,,,Active,Production,Diversity Job Fair,Fully Meets,3.5,5,0,1/21/2019,0,17
"Cierpiszewski, Caroline  ",10168,0,0,1,5,3,0,64816,1,0,20,Production Technician I,MA,2044,5/31/1988,0,F,0,Single,0,Non-Citizen,0,Black or African American,1,10/3/2011,,,Active,Production,Indeed,Fully Meets,3.58,5,0,1/30/2019,0,3
"Quinn, Sean",10131,1,1,3,4,3,1,83363,0,1,24,Software Engineer,MA,2045,11/6/1984,1,M ,1,Married,0,Eligible NonCitizen,0,Black or African American,1,2/21/2011,8/15/2015,Career Change,Voluntarily Terminated,Software Engineering,Diversity Job Fair,Fully Meets,4.15,4,0,4/19/2014,0,4
"Winthrop, Jordan  ",10033,0,0,3,5,4,0,70507,0,1,21,Production Technician II,MA,2045,11/7/1958,1,M ,1,Single,1,US Citizen,0,White,0,1/7/2013,2/21/2016,Retiring,Voluntarily Terminated,Production,LinkedIn,Exceeds,5,3,0,1/19/2016,0,7
"Champaigne, Brian",10108,1,1,1,3,3,0,110929,1,0,5,BI Director,MA,2045,2/9/1972,1,M ,1,Married,1,US Citizen,0,White,0,9/6/2016,,,Active,IT/IS,Indeed,Fully Meets,4.5,5,7,1/15/2019,0,8
"DeVito, Tommy",10197,0,0,1,3,3,0,96820,1,0,4,BI Developer,MA,2045,9/4/1983,1,M ,1,Single,1,US Citizen,0,White,0,2/15/2017,,,Active,IT/IS,Indeed,Fully Meets,3.01,5,7,1/23/2019,0,15
"England, Rex",10235,1,1,1,5,3,0,54285,1,0,20,Production Technician I,MA,2045,8/25/1978,1,M ,1,Married,1,US Citizen,0,White,0,3/31/2014,,,Active,Production,Employee Referral,Fully Meets,4.2,3,0,1/11/2019,0,3
"Miller, Brannon",10116,0,0,1,5,3,0,83667,1,0,19,Production Manager,MA,2045,8/10/1981,1,M ,1,Single,1,US Citizen,1,Hispanic,1,8/16/2012,,,Active,Production,Indeed,Fully Meets,4.37,3,0,1/14/2019,0,2
"Smith, Joe",10027,0,0,1,5,4,0,60656,1,0,21,Production Technician II,MA,2045,10/30/1963,1,M ,1,Single,1,US Citizen,0,White,0,9/29/2014,,,Active,Production,Indeed,Exceeds,4.3,3,0,1/28/2019,0,4
"Langton, Enrico",10052,1,1,1,5,3,0,46120,1,0,20,Production Technician I,MA,2048,12/9/1986,1,M ,1,Married,1,US Citizen,0,White,0,7/9/2012,,,Active,Production,LinkedIn,Fully Meets,5,5,0,2/4/2019,0,13
"Morway, Tanya",10151,1,1,1,3,3,0,52599,1,0,17,Network Engineer,MA,2048,4/4/1979,0,F,0,Married,1,US Citizen,0,White,0,2/16/2015,,,Active,IT/IS,CareerBuilder,Fully Meets,3.81,3,6,2/11/2019,0,6
"Bates, Norman",10061,0,0,2,5,3,0,57834,0,1,20,Production Technician I,MA,2050,10/18/1981,1,M ,1,Single,1,US Citizen,0,White,0,2/21/2011,8/4/2017,Attendance Issues,Terminated for Cause,Production,Google Search,Fully Meets,5,4,0,4/5/2017,0,20
"Foster-Baker, Amy",10080,1,1,1,2,3,0,99351,1,0,28,Sr. Accountant,MA,2050,4/16/1979,0,F,0,Married,1,US Citizen,0,White,0,1/5/2009,,,Active,Admin Offices,Other,Fully Meets,5,3,2,2/8/2019,0,3
"Petingill, Shana  ",10217,1,1,1,5,3,0,74226,1,0,21,Production Technician II,MA,2050,3/10/1979,0,F,0,Married,0,Eligible NonCitizen,0,Asian,1,4/2/2012,,,Active,Production,LinkedIn,Fully Meets,4.3,3,0,1/14/2019,0,14
"Stanford,Barbara  M",10278,0,2,1,5,3,0,47961,1,0,20,Production Technician I,MA,2050,8/25/1982,0,F,0,Divorced,1,US Citizen,0,Two or more races,1,1/10/2011,,,Active,Production,Google Search,Fully Meets,4.1,4,0,2/7/2019,0,9
"Navathe, Kurt",10079,0,0,1,3,3,0,87921,1,0,23,Senior BI Developer,MA,2056,4/25/1970,1,M ,1,Single,1,US Citizen,0,Asian,1,2/10/2017,,,Active,IT/IS,Indeed,Fully Meets,5,3,6,2/25/2019,0,17
"Roper, Katie",10086,0,0,1,3,3,0,150290,1,0,7,Data Architect,MA,2056,11/21/1972,0,F,0,Single,1,US Citizen,0,Black or African American,1,1/7/2017,,,Active,IT/IS,Indeed,Fully Meets,4.94,3,5,2/6/2019,0,17
"Desimone, Carl ",10310,1,1,1,5,1,0,53189,1,0,20,Production Technician I,MA,2061,4/19/1967,1,M ,1,Married,1,US Citizen,0,White,0,7/7/2014,,,Active,Production,Indeed,PIP,1.12,2,0,1/31/2019,4,9
"Gilles, Alex",10283,1,1,3,5,2,1,54933,0,1,20,Production Technician I,MA,2062,8/9/1974,1,M ,1,Married,1,US Citizen,0,Black or African American,1,4/2/2012,6/25/2015,Military,Voluntarily Terminated,Production,Diversity Job Fair,Needs Improvement,3.97,4,0,1/20/2015,3,15
"Barbara, Thomas",10242,1,1,3,5,3,1,47211,0,1,20,Production Technician I,MA,2062,2/21/1974,1,M ,1,Married,1,US Citizen,1,Black or African American,1,4/2/2012,9/19/2016,Unhappy,Voluntarily Terminated,Production,Diversity Job Fair,Fully Meets,4.2,3,0,5/6/2016,0,15
"Sahoo, Adil",10233,1,1,1,5,3,0,57975,1,0,21,Production Technician II,MA,2062,4/26/1986,1,M ,1,Married,1,US Citizen,0,White,0,8/30/2010,,,Active,Production,CareerBuilder,Fully Meets,4.1,3,0,1/10/2019,0,13
"Theamstern, Sophia",10141,0,0,3,5,3,0,48413,0,1,20,Production Technician I,MA,2066,5/9/1965,0,F,0,Single,1,US Citizen,0,White,0,7/5/2011,9/5/2016,Return to School,Voluntarily Terminated,Production,Indeed,Fully Meets,3.98,4,0,3/2/2016,0,1
"Zamora, Jennifer",10010,0,0,1,3,4,0,220450,1,0,6,CIO,MA,2067,8/30/1979,0,F,0,Single,1,US Citizen,0,White,0,4/10/2010,,,Active,IT/IS,Employee Referral,Exceeds,4.6,5,6,2/21/2019,0,16
"Bernstein, Sean",10046,0,0,1,5,3,0,51044,1,0,20,Production Technician I,MA,2072,12/22/1970,1,M ,1,Single,1,US Citizen,1,White,0,4/2/2012,,,Active,Production,Google Search,Fully Meets,5,3,0,1/14/2019,0,13
"Jackson, Maryellen",10227,0,0,1,5,3,0,61242,1,0,20,Production Technician I,MA,2081,9/11/1972,0,F,0,Single,1,US Citizen,0,Black or African American,1,11/5/2012,,,Active,Production,LinkedIn,Fully Meets,4.1,3,0,1/17/2019,0,7
"Langford, Lindsey",10106,0,2,3,5,3,0,66074,0,1,21,Production Technician II,MA,2090,7/25/1979,0,F,0,Divorced,1,US Citizen,0,Asian,1,1/7/2013,3/31/2014,Another Position,Voluntarily Terminated,Production,Indeed,Fully Meets,4.52,3,0,2/20/2014,0,20
"Sparks, Taylor  ",10302,1,1,1,5,1,0,64021,1,0,20,Production Technician I,MA,2093,7/20/1968,0,F,0,Married,1,US Citizen,0,White,0,2/20/2012,,,Active,Production,Indeed,PIP,2.4,2,1,2/25/2019,6,20
"Tippett, Jeanette",10123,0,2,1,5,3,0,56339,1,0,20,Production Technician I,MA,2093,6/5/1967,0,F,0,Divorced,1,US Citizen,0,Black or African American,1,2/18/2013,,,Active,Production,Indeed,Fully Meets,4.21,5,0,1/14/2019,0,4
"Gonzalez, Cayo",10031,0,2,1,5,4,1,59892,1,0,20,Production Technician I,MA,2108,9/29/1969,1,M ,1,Divorced,1,US Citizen,0,Black or African American,1,7/11/2011,,,Active,Production,Diversity Job Fair,Exceeds,4.5,4,0,2/18/2019,0,1
"Williams, Jacquelyn  ",10264,0,0,3,5,3,1,59728,0,1,20,Production Technician I,MA,2109,10/2/1969,0,F,0,Single,1,US Citizen,1,Black or African American,1,1/9/2012,6/27/2015,Relocation Out of Area,Voluntarily Terminated,Production,Diversity Job Fair,Fully Meets,4.3,4,0,6/2/2014,0,16
"Jhaveri, Sneha  ",10060,0,3,1,5,3,0,60436,1,0,20,Production Technician I,MA,2109,4/13/1964,0,F,0,Separated,1,US Citizen,0,White,0,1/6/2014,,,Active,Production,LinkedIn,Fully Meets,5,5,0,1/21/2019,0,9
"Punjabhi, Louis  ",10225,0,0,1,5,3,0,59472,1,0,20,Production Technician I,MA,2109,6/19/1961,1,M ,1,Single,1,US Citizen,0,White,0,1/6/2014,,,Active,Production,Employee Referral,Fully Meets,4.8,3,0,1/7/2019,0,14
"Ndzi, Colombui",10215,0,0,3,5,3,1,50470,0,1,20,Production Technician I,MA,2110,5/2/1989,1,M ,1,Single,1,US Citizen,0,Black or African American,1,9/26/2011,4/4/2014,Return to School,Voluntarily Terminated,Production,Diversity Job Fair,Fully Meets,4.3,3,0,3/2/2013,0,19
"Andreola, Colby",10194,0,0,1,4,3,0,95660,1,0,24,Software Engineer,MA,2110,5/24/1979,0,F,0,Single,1,US Citizen,0,White,0,11/10/2014,,,Active,Software Engineering,LinkedIn,Fully Meets,3.04,3,4,1/2/2019,0,19
"Darson, Jene'ya ",10056,1,1,1,5,3,0,57583,1,0,20,Production Technician I,MA,2110,11/5/1978,0,F,0,Married,1,US Citizen,0,White,0,7/2/2012,,,Active,Production,Indeed,Fully Meets,5,3,0,2/25/2019,0,1
"Liebig, Ketsia",10017,1,1,1,5,4,0,77915,1,0,19,Production Manager,MA,2110,10/26/1981,0,F,0,Married,1,US Citizen,0,White,0,9/30/2013,,,Active,Production,Website,Exceeds,4.1,3,0,1/21/2019,0,11
"Rachael, Maggie",10239,1,1,1,3,3,0,95920,1,0,4,BI Developer,MA,2110,5/12/1980,0,F,0,Married,1,US Citizen,0,Black or African American,1,10/2/2016,,,Active,IT/IS,Indeed,Fully Meets,4.4,4,6,2/6/2019,0,10
"Simard, Kramer",10178,1,1,1,3,3,0,87826,1,0,9,Data Analyst,MA,2110,2/8/1970,1,M ,1,Married,1,US Citizen,1,White,0,1/5/2015,,,Active,IT/IS,Employee Referral,Fully Meets,3.32,3,7,1/14/2019,0,16
"Dolan, Linda",10133,1,1,1,3,3,0,70621,1,0,16,IT Support,MA,2119,7/18/1988,0,F,0,Married,1,US Citizen,0,White,0,1/5/2015,,,Active,IT/IS,Employee Referral,Fully Meets,4.11,4,6,2/25/2019,0,16
"Gaul, Barbara",10257,0,0,1,5,3,0,53171,1,0,20,Production Technician I,MA,2121,12/2/1983,0,F,0,Single,1,US Citizen,1,Black or African American,1,5/16/2011,,,Active,Production,LinkedIn,Fully Meets,4.2,4,0,2/26/2019,0,12
"Lundy, Susan",10096,0,4,3,5,3,0,67237,0,1,21,Production Technician II,MA,2122,12/26/1976,0,F,0,Widowed,1,US Citizen,0,White,0,7/8/2013,9/15/2016,More Money,Voluntarily Terminated,Production,LinkedIn,Fully Meets,4.65,4,0,6/10/2016,0,15
"Lydon, Allison",10057,1,1,1,5,3,0,52057,1,0,20,Production Technician I,MA,2122,10/22/1975,0,F,0,Married,1,US Citizen,0,Black or African American,1,2/16/2015,,,Active,Production,Website,Fully Meets,5,3,0,1/23/2019,0,6
"Von Massenbach, Anna",10183,0,0,1,5,3,0,62068,1,0,20,Production Technician I,MA,2124,4/6/1985,0,F,0,Single,1,US Citizen,0,White,0,7/5/2015,,,Active,Production,LinkedIn,Fully Meets,3.21,3,0,1/29/2019,0,7
"Dobrin, Denisa  S",10207,0,0,1,5,3,0,46335,1,0,20,Production Technician I,MA,2125,10/7/1986,0,F,0,Single,1,US Citizen,1,White,0,4/2/2012,,,Active,Production,CareerBuilder,Fully Meets,3.4,5,0,2/19/2019,0,15
"Latif, Mohammed",10249,1,1,3,5,3,0,61962,0,1,21,Production Technician II,MA,2126,5/9/1984,1,M ,1,Married,1,US Citizen,0,White,0,4/2/2012,4/15/2013,More Money,Voluntarily Terminated,Production,Google Search,Fully Meets,4.9,3,0,2/20/2013,0,20
"Monterro, Luisa",10025,0,0,1,5,4,0,72460,1,0,21,Production Technician II,MA,2126,4/24/1970,0,F,0,Single,1,US Citizen,0,Black or African American,1,5/13/2013,,,Active,Production,Indeed,Exceeds,4.7,3,0,1/14/2019,0,1
"Kirill, Alexandra  ",10170,1,1,3,5,3,0,45433,0,1,20,Production Technician I,MA,2127,10/8/1970,0,F,0,Married,1,US Citizen,0,White,0,9/26/2011,1/9/2014,More Money,Voluntarily Terminated,Production,Google Search,Fully Meets,3.49,4,0,1/30/2013,0,6
"Goble, Taisha",10246,0,0,2,3,3,0,114800,0,1,8,Database Administrator,MA,2127,10/23/1971,0,F,0,Single,1,US Citizen,0,White,0,2/16/2015,3/15/2015,"No-call, No-show",Terminated for Cause,IT/IS,Indeed,Fully Meets,4.6,4,4,1/20/2015,0,10
"Handschiegl, Joanne",10125,1,1,1,5,3,0,54828,1,0,20,Production Technician I,MA,2127,3/23/1977,0,F,0,Married,1,US Citizen,0,White,0,11/28/2011,,,Active,Production,Google Search,Fully Meets,4.2,4,0,2/22/2019,0,13
"Moran, Patrick",10223,0,0,1,5,3,1,72106,1,0,21,Production Technician II,MA,2127,12/3/1976,1,M ,1,Single,1,US Citizen,0,Black or African American,1,1/9/2012,,,Active,Production,Diversity Job Fair,Fully Meets,4.1,4,0,1/31/2019,0,12
"Gonzalez, Juan",10300,1,1,3,5,1,1,68898,0,1,21,Production Technician II,MA,2128,10/12/1964,1,M ,1,Married,1,US Citizen,0,Black or African American,1,4/26/2010,5/30/2011,Career Change,Voluntarily Terminated,Production,Diversity Job Fair,PIP,3,3,0,3/6/2011,3,10
"Immediato, Walter",10289,1,1,3,5,2,0,83082,0,1,19,Production Manager,MA,2128,11/15/1976,1,M ,1,Married,1,US Citizen,0,Asian,1,2/21/2011,9/24/2012,Unhappy,Voluntarily Terminated,Production,Indeed,Needs Improvement,2.34,2,0,4/12/2012,3,4
"Johnston, Yen",10036,0,0,1,5,4,0,63322,1,0,21,Production Technician II,MA,2128,9/8/1969,0,F,0,Single,1,US Citizen,0,White,0,7/7/2014,,,Active,Production,LinkedIn,Exceeds,4.3,3,0,1/11/2019,0,1
"Tejeda, Lenora ",10146,1,1,3,5,3,0,72202,0,1,21,Production Technician II,MA,2129,5/24/1953,0,F,0,Married,1,US Citizen,0,White,0,5/16/2011,7/8/2017,Another Position,Voluntarily Terminated,Production,Google Search,Fully Meets,3.93,3,0,4/18/2017,0,3
"Estremera, Miguel",10280,0,0,2,5,2,0,60340,0,1,20,Production Technician I,MA,2129,9/2/1983,1,M ,1,Single,1,US Citizen,0,White,0,4/2/2012,9/27/2018,Attendance Issues,Terminated for Cause,Production,Google Search,Needs Improvement,5,4,0,4/12/2018,5,16
"Smith, Sade",10157,0,0,1,5,3,0,58939,1,0,20,Production Technician I,MA,2130,2/2/1965,0,F,0,Single,1,US Citizen,0,White,0,11/11/2013,,,Active,Production,Employee Referral,Fully Meets,3.73,3,0,1/24/2019,0,16
"Carabbio, Judith",10085,0,0,1,4,3,0,93396,1,0,24,Software Engineer,MA,2132,4/5/1987,0,F,0,Single,1,US Citizen,0,White,0,11/11/2013,,,Active,Software Engineering,Indeed,Fully Meets,4.96,4,6,1/30/2019,0,3
"Fernandes, Nilson  ",10308,1,1,1,5,1,0,64057,1,0,20,Production Technician I,MA,2132,10/18/1989,1,M ,1,Married,1,US Citizen,0,White,0,5/11/2015,,,Active,Production,Indeed,PIP,1.56,5,0,1/3/2019,6,15
"Nguyen, Lei-Ming",10206,0,0,1,5,3,0,62061,1,0,20,Production Technician I,MA,2132,7/7/1984,0,F,0,Single,1,US Citizen,0,White,0,7/8/2013,,,Active,Production,LinkedIn,Fully Meets,3.6,5,0,1/2/2019,0,4
"Saada, Adell",10126,1,1,1,4,3,0,86214,1,0,24,Software Engineer,MA,2132,7/24/1986,0,F,0,Married,1,US Citizen,0,White,0,11/5/2012,,,Active,Software Engineering,Indeed,Fully Meets,4.2,3,6,2/13/2019,0,2
"Erilus, Angela",10299,0,3,1,5,1,0,56847,1,0,21,Production Technician II,MA,2133,8/25/1989,0,F,0,Separated,1,US Citizen,0,White,0,7/7/2014,,,Active,Production,Indeed,PIP,3,1,0,2/25/2019,2,5
"Clukey, Elijian",10029,1,1,1,5,4,0,50373,1,0,20,Production Technician I,MA,2134,8/26/1980,1,M ,1,Married,1,US Citizen,0,White,0,7/6/2016,,,Active,Production,Employee Referral,Exceeds,4.1,4,0,2/28/2019,0,5
"Gruber, Hans",10234,1,1,1,3,3,0,99020,1,0,4,BI Developer,MA,2134,6/30/1989,1,M ,1,Married,1,US Citizen,0,Black or African American,1,4/20/2017,,,Active,IT/IS,Indeed,Fully Meets,4.2,5,5,1/28/2019,0,8
"Monroe, Peter",10288,1,1,1,3,2,1,157000,1,0,15,IT Manager - Infra,MA,2134,10/5/1986,1,M ,1,Married,0,Eligible NonCitizen,1,Black or African American,1,2/15/2012,,,Active,IT/IS,Diversity Job Fair,Needs Improvement,2.39,3,6,2/22/2019,4,13
"Tannen, Biff",10173,1,1,1,3,3,0,90100,1,0,4,BI Developer,MA,2134,10/24/1987,1,M ,1,Married,1,US Citizen,0,White,0,4/20/2017,,,Active,IT/IS,Indeed,Fully Meets,3.4,3,6,1/2/2019,0,14
"Goeth, Amon",10228,1,1,1,3,3,0,74679,1,0,16,IT Support,MA,2135,11/24/1989,1,M ,1,Married,1,US Citizen,1,White,0,3/30/2015,,,Active,IT/IS,LinkedIn,Fully Meets,4.3,5,7,1/10/2019,0,20
"Martin, Sandra",10110,0,0,1,4,3,0,105688,1,0,24,Software Engineer,MA,2135,11/7/1987,0,F,0,Single,1,US Citizen,0,Asian,1,11/11/2013,,,Active,Software Engineering,Google Search,Fully Meets,4.5,5,4,1/14/2019,0,14
"Newman, Richard ",10063,1,1,1,5,3,0,48495,1,0,20,Production Technician I,MA,2136,4/8/1977,1,M ,1,Married,1,US Citizen,0,White,0,5/12/2014,,,Active,Production,LinkedIn,Fully Meets,5,5,0,2/18/2019,0,11
"Robertson, Peter",10224,1,1,3,5,3,0,55578,0,1,21,Production Technician II,MA,2138,7/3/1972,1,M ,1,Married,1,US Citizen,0,White,0,7/5/2011,2/8/2012,Another Position,Voluntarily Terminated,Production,Indeed,Fully Meets,4.2,5,0,1/6/2012,0,13
"Dee, Randy",10311,1,1,1,5,3,0,56991,1,0,20,Production Technician I,MA,2138,4/15/1988,1,M ,1,Married,1,US Citizen,0,White,0,7/9/2018,,,Active,Production,Indeed,Fully Meets,4.3,4,3,1/31/2019,2,2
"Fett, Boba",10309,0,0,1,3,1,0,53366,1,0,17,Network Engineer,MA,2138,6/18/1987,1,M ,1,Single,1,US Citizen,0,White,0,3/30/2015,,,Active,IT/IS,LinkedIn,PIP,1.2,3,6,2/4/2019,3,2
"Szabo, Andrew",10024,0,0,1,4,4,0,92989,1,0,24,Software Engineer,MA,2140,5/6/1983,1,M ,1,Single,1,US Citizen,0,White,0,7/7/2014,,,Active,Software Engineering,LinkedIn,Exceeds,4.5,5,5,2/18/2019,0,1
"Fitzpatrick, Michael  J",10093,0,0,3,5,3,0,72609,0,1,21,Production Technician II,MA,2143,10/1/1981,1,M ,1,Single,1,US Citizen,1,White,0,5/16/2011,6/24/2013,Hours,Voluntarily Terminated,Production,Google Search,Fully Meets,4.76,5,0,4/5/2013,0,20
"Beak, Kimberly  ",10023,1,1,1,5,4,0,70131,1,0,21,Production Technician II,MA,2145,4/17/1966,0,F,0,Married,1,US Citizen,0,White,0,7/21/2016,,,Active,Production,Employee Referral,Exceeds,4.4,3,0,1/14/2019,0,16
"Gentry, Mildred",10159,1,1,1,5,3,0,51337,1,0,20,Production Technician I,MA,2145,10/1/1990,0,F,0,Married,1,US Citizen,0,Black or African American,1,3/30/2015,,,Active,Production,LinkedIn,Fully Meets,3.73,3,0,1/16/2019,0,19
"Ait Sidi, Karthikeyan   ",10084,1,1,3,3,3,0,104437,0,1,29,Sr. DBA,MA,2148,5/5/1975,1,M ,1,Married,1,US Citizen,0,White,0,3/30/2015,6/16/2016,Career Change,Voluntarily Terminated,IT/IS,Indeed,Fully Meets,4.96,3,6,2/24/2016,0,17
"Sadki, Nore  ",10260,0,0,3,5,3,0,46428,0,1,20,Production Technician I,MA,2148,12/21/1974,1,M ,1,Single,1,US Citizen,0,White,0,1/5/2009,7/30/2018,Relocation Out of Area,Voluntarily Terminated,Production,Google Search,Fully Meets,4.6,5,0,2/5/2018,0,7
"Burke, Joelle",10107,0,0,1,5,3,0,63763,1,0,21,Production Technician II,MA,2148,3/2/1980,0,F,0,Single,1,US Citizen,0,Black or African American,1,3/5/2012,,,Active,Production,Employee Referral,Fully Meets,4.51,4,0,2/21/2019,0,3
"Zhou, Julia",10043,0,0,1,3,3,0,89292,1,0,9,Data Analyst,MA,2148,2/24/1979,0,F,0,Single,1,US Citizen,0,White,0,3/30/2015,,,Active,IT/IS,Employee Referral,Fully Meets,5,3,5,2/1/2019,0,11
"Heitzman, Anthony",10129,0,0,1,5,3,0,46998,1,0,20,Production Technician I,MA,2149,1/4/1984,1,M ,1,Single,1,US Citizen,0,White,0,8/13/2012,,,Active,Production,Google Search,Fully Meets,4.17,4,0,2/11/2019,0,1
"Carthy, B'rigit",10076,0,0,1,5,3,0,55315,1,0,21,Production Technician II,MA,2149,5/21/1987,0,F,0,Single,1,US Citizen,0,Black or African American,1,3/30/2015,,,Active,Production,LinkedIn,Fully Meets,5,5,0,2/7/2019,0,16
"Shields, Seffi",10091,1,1,1,5,3,0,52087,1,0,20,Production Technician I,MA,2149,8/24/1985,0,F,0,Married,1,US Citizen,0,White,0,8/19/2013,,,Active,Production,LinkedIn,Fully Meets,4.81,4,0,2/15/2019,0,15
"O'hare, Lynn",10303,0,0,2,5,1,0,52674,0,1,20,Production Technician I,MA,2152,9/30/1980,0,F,0,Single,1,US Citizen,0,Two or more races,1,3/31/2014,5/1/2018,Performance,Terminated for Cause,Production,LinkedIn,PIP,2.33,2,0,3/9/2018,6,3
"Sander, Kamrin",10169,1,1,1,5,3,0,56147,1,0,20,Production Technician I,MA,2154,7/10/1988,0,F,0,Married,1,US Citizen,0,Black or African American,1,9/29/2014,,,Active,Production,LinkedIn,Fully Meets,3.51,3,0,2/18/2019,0,2
"Rossetti, Bruno",10065,0,0,3,5,3,0,53180,0,1,20,Production Technician I,MA,2155,3/18/1987,1,M ,1,Single,1,US Citizen,0,White,0,4/4/2011,8/13/2018,Another Position,Voluntarily Terminated,Production,Google Search,Fully Meets,5,5,0,7/2/2018,0,4
"Fidelia,  Libby",10049,1,1,1,5,3,0,58530,1,0,20,Production Technician I,MA,2155,3/16/1981,0,F,0,Married,1,US Citizen,0,White,0,1/9/2012,,,Active,Production,Google Search,Fully Meets,5,5,0,1/29/2019,0,19
"Hankard, Earnest",10074,0,0,1,5,3,0,64246,1,0,21,Production Technician II,MA,2155,8/10/1988,1,M ,1,Single,1,US Citizen,1,White,0,11/11/2013,,,Active,Production,LinkedIn,Fully Meets,5,3,0,1/8/2019,0,20
"Close, Phil",10269,1,1,3,5,3,0,59369,0,1,21,Production Technician II,MA,2169,11/25/1978,1,M ,1,Married,1,US Citizen,0,White,0,8/30/2010,9/26/2011,Career Change,Voluntarily Terminated,Production,Indeed,Fully Meets,4.2,4,0,5/4/2011,0,6
"Anderson, Carol ",10069,0,2,3,5,3,0,50825,0,1,20,Production Technician I,MA,2169,9/8/1989,0,F,0,Divorced,1,US Citizen,0,White,0,7/11/2011,9/6/2016,Return to School,Voluntarily Terminated,Production,Google Search,Fully Meets,5,4,0,2/1/2016,0,2
"Candie, Calvin",10001,0,0,1,5,4,0,72640,1,0,19,Production Manager,MA,2169,8/9/1983,1,M ,1,Single,1,US Citizen,0,White,0,1/28/2016,,,Active,Production,Indeed,Exceeds,5,3,0,2/22/2019,0,14
"Gordon, David",10051,1,1,1,5,3,0,48285,1,0,20,Production Technician I,MA,2169,5/21/1979,1,M ,1,Married,1,US Citizen,0,White,0,7/2/2012,,,Active,Production,LinkedIn,Fully Meets,5,3,0,1/14/2019,0,2
"Lajiri,  Jyoti",10113,1,1,1,3,3,0,93206,1,0,30,Sr. Network Engineer,MA,2169,4/23/1986,1,M ,1,Married,1,US Citizen,0,White,0,11/10/2014,,,Active,IT/IS,Employee Referral,Fully Meets,4.46,5,6,1/7/2019,0,7
"Vega, Vincent",10144,0,2,1,5,3,0,88976,1,0,19,Production Manager,MA,2169,10/10/1968,1,M ,1,Divorced,1,US Citizen,0,White,0,8/1/2011,,,Active,Production,Employee Referral,Fully Meets,3.93,3,0,2/27/2019,0,19
"Foreman, Tanya",10163,1,1,3,5,3,0,55965,0,1,21,Production Technician II,MA,2170,11/8/1983,0,F,0,Married,1,US Citizen,0,White,0,4/4/2011,1/9/2013,Career Change,Voluntarily Terminated,Production,Google Search,Fully Meets,3.66,3,0,1/7/2012,0,6
"Kinsella, Kathleen  ",10166,1,1,3,5,3,0,54005,0,1,20,Production Technician I,MA,2170,12/8/1973,0,F,0,Married,1,US Citizen,0,White,0,9/26/2011,6/4/2015,More Money,Voluntarily Terminated,Production,Google Search,Fully Meets,3.6,5,0,3/1/2015,0,16
"Howard, Estelle",10182,1,1,2,2,3,0,49920,0,1,2,Administrative Assistant,MA,2170,9/16/1985,0,F,0,Married,1,US Citizen,0,Black or African American,1,2/16/2015,4/15/2015,"No-call, No-show",Terminated for Cause,Admin Offices,Indeed,Fully Meets,3.24,3,4,4/15/2015,0,6
"Chan, Lin",10210,0,0,1,5,3,0,54237,1,0,20,Production Technician I,MA,2170,2/12/1979,0,F,0,Single,1,US Citizen,0,White,0,5/12/2014,,,Active,Production,Indeed,Fully Meets,3.3,4,0,2/19/2019,0,11
"Clayton, Rick",10220,0,0,1,3,3,0,68678,1,0,16,IT Support,MA,2170,9/5/1985,1,M ,1,Single,1,US Citizen,0,White,0,9/5/2012,,,Active,IT/IS,Indeed,Fully Meets,4.7,3,6,2/27/2019,0,2
"Veera, Abdellah ",10014,0,2,3,5,4,0,58523,0,1,20,Production Technician I,MA,2171,1/31/1987,1,M ,1,Divorced,1,US Citizen,0,White,0,8/13/2012,2/5/2016,Maternity Leave - Did Not Return,Voluntarily Terminated,Production,LinkedIn,Exceeds,4.5,5,0,2/1/2016,0,15
"Blount, Dianna",10294,0,0,1,5,2,0,66441,1,0,21,Production Technician II,MA,2171,9/21/1990,0,F,0,Single,1,US Citizen,0,White,0,4/4/2011,,,Active,Production,CareerBuilder,Needs Improvement,2,3,0,2/27/2019,2,3
"Rivera, Haley  ",10011,1,1,1,5,4,0,46738,1,0,20,Production Technician I,MA,2171,1/12/1973,0,F,0,Married,1,US Citizen,0,Asian,1,11/28/2011,,,Active,Production,Google Search,Exceeds,4.36,5,0,2/11/2019,0,16
"Mancuso, Karen",10073,1,1,3,5,3,0,68407,0,1,21,Production Technician II,MA,2176,12/10/1986,0,F,0,Married,1,US Citizen,0,Two or more races,1,7/5/2011,8/19/2012,Another Position,Voluntarily Terminated,Production,LinkedIn,Fully Meets,5,4,0,7/2/2012,0,16
"Perry, Shakira",10171,0,0,3,5,3,0,45998,0,1,20,Production Technician I,MA,2176,7/20/1986,0,F,0,Single,1,US Citizen,0,White,0,5/16/2011,10/25/2015,Medical Issues,Voluntarily Terminated,Production,LinkedIn,Fully Meets,3.45,4,0,5/13/2014,0,5
"Ferguson, Susan",10189,1,1,3,5,3,0,57748,0,1,20,Production Technician I,MA,2176,4/14/1955,0,F,0,Married,1,US Citizen,0,White,0,11/7/2011,5/17/2016,Military,Voluntarily Terminated,Production,Google Search,Fully Meets,3.13,3,0,2/4/2016,0,16
"Gross, Paula",10059,0,2,3,5,3,0,63813,0,1,20,Production Technician I,MA,2176,5/21/1983,0,F,0,Divorced,1,US Citizen,0,White,0,2/21/2011,1/11/2014,More Money,Voluntarily Terminated,Production,CareerBuilder,Fully Meets,5,5,0,6/3/2013,0,17
"Rhoads, Thomas",10058,0,2,3,5,3,0,45115,0,1,20,Production Technician I,MA,2176,7/22/1982,1,M ,1,Divorced,1,US Citizen,1,White,0,5/16/2011,1/15/2016,Retiring,Voluntarily Terminated,Production,LinkedIn,Fully Meets,5,4,0,3/30/2015,0,11
"Del Bosque, Keyla",10155,0,0,1,4,3,0,101199,1,0,24,Software Engineer,MA,2176,7/5/1979,0,F,0,Single,1,US Citizen,0,Black or African American,1,1/9/2012,,,Active,Software Engineering,CareerBuilder,Fully Meets,3.79,5,5,1/25/2019,0,8
"Hudson, Jane",10248,0,0,1,5,3,0,55425,1,0,20,Production Technician I,MA,2176,6/10/1986,0,F,0,Single,1,US Citizen,0,White,0,2/20/2012,,,Active,Production,LinkedIn,Fully Meets,4.8,4,0,1/7/2019,0,4
"Dickinson, Geoff ",10276,0,0,1,5,3,0,51259,1,0,20,Production Technician I,MA,2180,11/15/1982,1,M ,1,Single,1,US Citizen,0,White,0,5/12/2014,,,Active,Production,Indeed,Fully Meets,4.3,4,0,2/19/2019,0,1
"Cady, Max ",10150,0,0,1,4,3,0,77692,1,0,27,Software Engineering Manager,MA,2184,11/22/1966,1,M ,1,Single,1,US Citizen,0,White,0,8/15/2011,,,Active,Software Engineering,Google Search,Fully Meets,3.84,3,5,1/21/2019,0,4
"Mckenna, Sandy",10145,1,1,1,5,3,0,62810,1,0,20,Production Technician I,MA,2184,1/7/1987,0,F,0,Married,1,US Citizen,0,Black or African American,1,1/7/2013,,,Active,Production,CareerBuilder,Fully Meets,3.93,3,0,1/30/2019,0,20
"Cornett, Lisa ",10094,1,1,1,5,3,0,63381,1,0,20,Production Technician I,MA,2189,3/31/1977,0,F,0,Married,1,US Citizen,1,White,0,1/5/2015,,,Active,Production,Indeed,Fully Meets,4.73,5,0,2/14/2019,0,6
"Mahoney, Lauren  ",10219,0,0,1,5,3,0,45395,1,0,20,Production Technician I,MA,2189,7/7/1986,0,F,0,Single,1,US Citizen,0,White,0,1/6/2014,,,Active,Production,LinkedIn,Fully Meets,4.6,4,0,2/26/2019,0,14
"Sewkumar, Nori",10071,0,0,1,5,3,0,50923,1,0,20,Production Technician I,MA,2191,3/10/1975,0,F,0,Single,1,US Citizen,0,Asian,1,9/30/2013,,,Active,Production,Google Search,Fully Meets,5,5,0,2/6/2019,0,14
"Athwal, Sam",10062,0,4,1,5,3,0,59365,1,0,20,Production Technician I,MA,2199,2/18/1983,1,M ,1,Widowed,1,US Citizen,0,White,0,9/30/2013,,,Active,Production,Employee Referral,Fully Meets,5,4,0,2/25/2019,0,19
"Bondwell, Betsy",10267,0,0,3,5,3,0,57815,0,1,21,Production Technician II,MA,2210,1/16/1967,0,F,0,Single,1,US Citizen,0,White,0,1/10/2011,4/4/2014,Career Change,Voluntarily Terminated,Production,Google Search,Fully Meets,4.8,5,0,3/4/2014,0,5
"Johnson, Noelle ",10156,1,1,1,3,3,0,105700,1,0,8,Database Administrator,MA,2301,11/7/1986,0,F,0,Married,1,US Citizen,0,Asian,1,1/5/2015,,,Active,IT/IS,Indeed,Fully Meets,3.75,3,5,2/11/2019,0,2
"Stoica, Rick",10266,1,1,1,5,3,0,61355,1,0,20,Production Technician I,MA,2301,3/14/1985,1,M ,1,Married,1,US Citizen,0,Asian,1,2/17/2014,,,Active,Production,LinkedIn,Fully Meets,4.7,3,0,1/11/2019,0,4
"Wolk, Hang  T",10174,0,0,1,5,3,0,60446,1,0,21,Production Technician II,MA,2302,4/20/1985,0,F,0,Single,1,US Citizen,0,White,0,9/29/2014,,,Active,Production,LinkedIn,Fully Meets,3.4,4,0,2/21/2019,0,14
"Harrington, Christie ",10097,0,0,3,5,3,0,52177,0,1,20,Production Technician I,MA,2324,8/18/1952,0,F,0,Single,1,US Citizen,0,White,0,1/9/2012,12/15/2015,Retiring,Voluntarily Terminated,Production,CareerBuilder,Fully Meets,4.64,4,0,5/2/2015,0,8
"Wilber, Barry",10048,1,1,3,5,3,0,55140,0,1,20,Production Technician I,MA,2324,9/9/1965,1,M ,1,Married,0,Eligible NonCitizen,0,White,0,5/16/2011,9/7/2015,Unhappy,Voluntarily Terminated,Production,Website,Fully Meets,5,3,0,2/15/2015,0,7
"Fancett, Nicole",10136,0,0,1,5,3,0,65902,1,0,21,Production Technician II,MA,2324,9/27/1987,0,F,0,Single,1,US Citizen,0,Black or African American,1,2/17/2014,,,Active,Production,LinkedIn,Fully Meets,4,4,0,1/7/2019,0,7
"Lunquist, Lisa",10035,0,0,1,5,4,0,73330,1,0,21,Production Technician II,MA,2324,3/28/1982,0,F,0,Single,1,US Citizen,0,Black or African American,1,8/19/2013,,,Active,Production,Indeed,Exceeds,4.2,4,0,2/12/2019,0,19
"Manchester, Robyn",10077,1,1,1,5,3,0,62385,1,0,21,Production Technician II,MA,2324,8/25/1976,0,F,0,Married,1,US Citizen,0,White,0,5/11/2016,,,Active,Production,LinkedIn,Fully Meets,5,3,0,1/21/2019,0,4
"Forrest, Alex",10305,1,1,2,6,1,0,70187,0,1,3,Area Sales Manager,MA,2330,7/7/1975,1,M ,1,Married,1,US Citizen,0,White,0,9/29/2014,8/19/2018,Fatal Attraction,Terminated for Cause,Sales,Employee Referral,PIP,2,5,0,1/28/2019,4,7
"Gerke, Melisa",10122,0,2,3,5,3,1,51505,0,1,20,Production Technician I,MA,2330,5/15/1970,0,F,0,Divorced,1,US Citizen,0,Black or African American,1,11/7/2011,11/15/2016,Hours,Voluntarily Terminated,Production,Diversity Job Fair,Fully Meets,4.24,4,0,4/29/2016,0,2
"Maurice, Shana",10053,1,1,1,5,3,0,54132,1,0,20,Production Technician I,MA,2330,11/22/1977,0,F,0,Married,1,US Citizen,0,White,0,5/31/2011,,,Active,Production,Indeed,Fully Meets,5,4,0,1/10/2019,0,8
"Singh, Nan ",10039,0,0,1,2,3,0,51920,1,0,2,Administrative Assistant,MA,2330,5/19/1988,0,F,0,Single,1,US Citizen,0,White,0,5/1/2015,,,Active,Admin Offices,Website,Fully Meets,5,3,5,1/15/2019,0,2
"Eaton, Marianne",10064,1,1,3,5,3,0,60070,0,1,20,Production Technician I,MA,2343,9/5/1991,0,F,0,Married,1,US Citizen,0,White,0,4/4/2011,6/6/2017,Military,Voluntarily Terminated,Production,Google Search,Fully Meets,5,3,0,4/9/2017,0,7
"Demita, Carla",10100,0,3,3,5,3,0,58275,0,1,21,Production Technician II,MA,2343,2/25/1951,0,F,0,Separated,1,US Citizen,0,Black or African American,1,4/4/2011,11/4/2015,More Money,Voluntarily Terminated,Production,Google Search,Fully Meets,4.62,5,0,5/6/2015,0,1
"Turpin, Jumil",10045,1,1,1,3,3,0,76029,1,0,17,Network Engineer,MA,2343,3/31/1969,1,M ,1,Married,0,Eligible NonCitizen,0,White,0,3/30/2015,,,Active,IT/IS,Employee Referral,Fully Meets,5,4,7,1/14/2019,0,8
"Medeiros, Jennifer",10068,0,0,1,5,3,0,55688,1,0,20,Production Technician I,MA,2346,9/22/1976,0,F,0,Single,1,US Citizen,0,White,0,3/30/2015,,,Active,Production,CareerBuilder,Fully Meets,5,4,0,1/21/2019,0,10
"Panjwani, Nina",10148,1,1,3,5,3,0,63515,0,1,20,Production Technician I,MA,2351,5/1/1979,0,F,0,Married,1,US Citizen,0,White,0,2/7/2011,1/12/2014,Another Position,Voluntarily Terminated,Production,Google Search,Fully Meets,3.89,4,0,3/4/2013,0,7
"DiNocco, Lily ",10284,1,1,1,5,2,0,61584,1,0,20,Production Technician I,MA,2351,12/2/1978,0,F,0,Married,1,US Citizen,0,Black or African American,1,1/7/2013,,,Active,Production,Indeed,Needs Improvement,3.88,4,0,1/18/2019,0,6
"Hutter, Rosalie",10214,0,3,1,5,3,0,64995,1,0,21,Production Technician II,MA,2351,5/7/1992,0,F,0,Separated,1,US Citizen,0,White,0,6/5/2015,,,Active,Production,Indeed,Fully Meets,4.5,3,0,2/14/2019,0,6
"Squatrito, Kristen",10030,0,2,3,5,4,0,62425,0,1,20,Production Technician I,MA,2359,3/26/1973,0,F,0,Divorced,1,US Citizen,0,White,0,5/13/2013,6/29/2015,Unhappy,Voluntarily Terminated,Production,LinkedIn,Exceeds,4.1,4,0,3/2/2015,0,16
"Soto, Julia ",10119,1,1,1,3,3,0,66593,1,0,16,IT Support,MA,2360,3/12/1973,0,F,0,Married,1,US Citizen,0,Black or African American,1,6/10/2011,,,Active,IT/IS,LinkedIn,Fully Meets,4.3,3,5,2/8/2019,0,19
"Ndzi, Horia",10185,1,1,3,5,3,0,46664,0,1,20,Production Technician I,MA,2421,3/28/1983,1,M ,1,Married,1,US Citizen,0,White,0,4/1/2013,5/25/2016,More Money,Voluntarily Terminated,Production,Employee Referral,Fully Meets,3.18,3,0,3/6/2016,0,10
"Johnson, George",10034,1,1,3,5,4,0,46837,0,1,20,Production Technician I,MA,2445,8/19/1959,1,M ,1,Married,1,US Citizen,0,White,0,11/7/2011,4/29/2018,More Money,Voluntarily Terminated,Production,CareerBuilder,Exceeds,4.7,4,0,2/14/2018,0,9
"Homberger, Adrienne  J",10195,1,1,3,5,3,0,63478,0,1,21,Production Technician II,MA,2445,2/16/1984,0,F,0,Married,0,Non-Citizen,0,White,0,8/15/2011,4/7/2012,Relocation Out of Area,Voluntarily Terminated,Production,Indeed,Fully Meets,3.03,5,0,3/5/2012,0,16
"Jung, Judy  ",10138,1,1,3,5,3,0,61154,0,1,20,Production Technician I,MA,2446,4/17/1986,0,F,0,Married,1,US Citizen,0,Black or African American,1,1/10/2011,4/1/2016,Unhappy,Voluntarily Terminated,Production,CareerBuilder,Fully Meets,4,4,0,2/3/2016,0,4
"True, Edward",10102,0,0,3,4,3,1,100416,0,1,24,Software Engineer,MA,2451,6/14/1983,1,M ,1,Single,0,Non-Citizen,0,Black or African American,1,2/18/2013,4/15/2018,Medical Issues,Voluntarily Terminated,Software Engineering,Diversity Job Fair,Fully Meets,4.6,3,4,2/12/2017,0,9
"Pham, Hong",10050,1,1,3,5,3,0,64724,0,1,20,Production Technician I,MA,2451,3/6/1988,1,M ,1,Married,1,US Citizen,0,Asian,1,7/5/2011,11/30/2012,More Money,Voluntarily Terminated,Production,Google Search,Fully Meets,5,3,0,2/20/2012,0,13
"Girifalco, Evelyn",10018,0,0,1,5,4,0,57815,1,0,20,Production Technician I,MA,2451,5/8/1980,0,F,0,Single,1,US Citizen,1,Two or more races,1,9/29/2014,,,Active,Production,Indeed,Exceeds,3.9,4,0,2/7/2019,0,3
"Gold, Shenice  ",10243,0,0,1,5,3,0,53018,1,0,20,Production Technician I,MA,2451,6/18/1992,0,F,0,Single,1,US Citizen,1,White,0,11/11/2013,,,Active,Production,Indeed,Fully Meets,4.3,5,0,2/18/2019,0,7
"Mangal, Debbie",10279,1,1,1,5,3,0,61349,1,0,20,Production Technician I,MA,2451,11/7/1974,0,F,0,Married,1,US Citizen,0,White,0,11/11/2013,,,Active,Production,LinkedIn,Fully Meets,4.1,3,0,1/22/2019,0,11
"Pitt, Brad ",10164,0,0,1,5,3,0,47001,1,0,20,Production Technician I,MA,2451,11/23/1981,1,M ,1,Single,1,US Citizen,0,White,0,11/5/2007,,,Active,Production,Google Search,Fully Meets,3.66,3,0,2/25/2019,0,15
"Spirea, Kelley",10090,1,1,1,5,3,0,65714,1,0,19,Production Manager,MA,2451,9/30/1975,0,F,0,Married,1,US Citizen,0,White,0,10/2/2012,,,Active,Production,LinkedIn,Fully Meets,4.83,5,0,2/14/2019,0,15
"Salter, Jason",10229,0,2,3,3,3,0,88527,0,1,9,Data Analyst,MA,2452,12/17/1987,1,M ,1,Divorced,1,US Citizen,0,Black or African American,1,1/5/2015,10/31/2015,Hours,Voluntarily Terminated,IT/IS,LinkedIn,Fully Meets,4.2,3,5,4/20/2015,0,2
"Becker, Scott",10277,0,0,1,5,3,0,53250,1,0,20,Production Technician I,MA,2452,4/6/1979,1,M ,1,Single,1,US Citizen,0,Asian,1,7/8/2013,,,Active,Production,LinkedIn,Fully Meets,4.2,4,0,1/11/2019,0,13
"Cockel, James",10261,0,0,1,5,3,0,63108,1,0,20,Production Technician I,MA,2452,9/8/1977,1,M ,1,Single,1,US Citizen,0,White,0,7/8/2013,,,Active,Production,Employee Referral,Fully Meets,4.4,5,0,1/14/2019,0,3
"Motlagh,  Dawn",10254,0,2,1,5,3,0,63430,1,0,20,Production Technician I,MA,2453,7/7/1984,0,F,0,Divorced,1,US Citizen,0,White,0,4/1/2013,,,Active,Production,LinkedIn,Fully Meets,4.4,4,0,1/17/2019,0,18
"Warfield, Sarah",10127,0,4,1,3,3,0,107226,1,0,30,Sr. Network Engineer,MA,2453,5/2/1978,0,F,0,Widowed,1,US Citizen,0,Asian,1,3/30/2015,,,Active,IT/IS,Employee Referral,Fully Meets,4.2,4,8,2/5/2019,0,7
"Ybarra, Catherine ",10301,0,0,3,5,1,0,48513,0,1,20,Production Technician I,MA,2458,5/4/1982,0,F,0,Single,1,US Citizen,0,Asian,1,9/2/2008,9/29/2015,Another Position,Voluntarily Terminated,Production,Google Search,PIP,3.2,2,0,9/2/2015,5,4
"Smith, Martin",10286,0,0,3,5,2,0,53564,0,1,20,Production Technician I,MA,2458,3/17/1988,1,M ,1,Single,1,US Citizen,0,Black or African American,1,1/10/2011,12/28/2017,Career Change,Voluntarily Terminated,Production,Google Search,Needs Improvement,3.54,5,0,4/6/2017,4,15
"Evensen, April",10296,0,0,2,5,2,0,59124,0,1,20,Production Technician I,MA,2458,5/6/1989,0,F,0,Single,1,US Citizen,0,White,0,2/17/2014,2/25/2018,"No-call, No-show",Terminated for Cause,Production,Google Search,Needs Improvement,2.3,3,0,1/15/2017,5,19
"Davis, Daniel",10143,0,0,1,5,3,0,56294,1,0,21,Production Technician II,MA,2458,9/14/1979,1,M ,1,Single,0,Eligible NonCitizen,0,Two or more races,1,11/7/2011,,,Active,Production,LinkedIn,Fully Meets,3.96,4,0,2/27/2019,0,6
"Walker, Roger",10190,0,0,1,5,3,0,66541,1,0,21,Production Technician II,MA,2459,2/10/1976,1,M ,1,Single,1,US Citizen,0,Black or African American,1,8/18/2014,,,Active,Production,Employee Referral,Fully Meets,3.11,5,0,2/12/2019,0,4
"Boutwell, Bonalyn",10081,1,1,1,2,3,1,106367,1,0,28,Sr. Accountant,MA,2468,4/4/1987,0,F,0,Married,1,US Citizen,0,Black or African American,1,2/16/2015,,,Active,Admin Offices,Diversity Job Fair,Fully Meets,5,4,3,2/18/2019,0,4
"Thibaud, Kenneth",10268,0,4,3,5,3,0,67176,0,1,21,Production Technician II,MA,2472,9/16/1975,1,M ,1,Widowed,1,US Citizen,0,White,0,6/25/2007,8/30/2010,Military,Voluntarily Terminated,Production,Other,Fully Meets,4.1,4,0,7/14/2010,0,15
"Miller, Ned",10298,0,0,3,5,1,0,55800,0,1,21,Production Technician II,MA,2472,6/29/1985,1,M ,1,Single,1,US Citizen,0,White,0,8/15/2011,9/4/2014,Unhappy,Voluntarily Terminated,Production,LinkedIn,PIP,3,2,0,1/14/2013,6,6
"Pelletier, Ermine",10297,1,1,3,5,2,0,60270,0,1,21,Production Technician II,MA,2472,7/18/1989,0,F,0,Married,1,US Citizen,0,Asian,1,7/5/2011,9/15/2015,Unhappy,Voluntarily Terminated,Production,CareerBuilder,Needs Improvement,2.4,5,0,2/6/2015,5,2
"Gonzalez, Maria",10101,0,3,1,3,3,0,61242,1,0,16,IT Support,MA,2472,4/16/1981,0,F,0,Separated,1,US Citizen,1,White,0,1/5/2015,,,Active,IT/IS,Employee Referral,Fully Meets,4.61,4,5,1/28/2019,0,11
"Purinton, Janine",10262,0,2,3,5,3,0,46430,0,1,20,Production Technician I,MA,2474,9/22/1970,0,F,0,Divorced,1,US Citizen,0,White,0,9/24/2012,6/18/2013,Unhappy,Voluntarily Terminated,Production,Indeed,Fully Meets,4.5,5,0,4/2/2013,0,16
"Wallace, Courtney  E",10274,1,1,3,5,3,1,80512,0,1,19,Production Manager,MA,2478,11/14/1955,0,F,0,Married,1,US Citizen,0,Black or African American,1,9/26/2011,1/2/2012,Another Position,Voluntarily Terminated,Production,Diversity Job Fair,Fully Meets,4.5,3,0,1/2/2012,0,5
"Rarrick, Quinn",10152,0,2,3,5,3,0,61729,0,1,20,Production Technician I,MA,2478,12/31/1984,1,M ,1,Divorced,1,US Citizen,0,White,0,9/26/2011,4/7/2018,More Money,Voluntarily Terminated,Production,Indeed,Fully Meets,3.8,5,0,2/4/2018,0,19
"Osturnka, Adeel",10021,1,1,1,5,4,0,47414,1,0,20,Production Technician I,MA,2478,12/11/1976,1,M ,1,Married,1,US Citizen,0,White,0,9/30/2013,,,Active,Production,LinkedIn,Exceeds,5,3,0,2/7/2019,0,13
"Roup,Simon",10198,0,0,1,3,3,0,140920,1,0,13,IT Manager - DB,MA,2481,4/5/1973,1,M ,1,Single,1,US Citizen,0,White,0,1/20/2013,,,Active,IT/IS,Indeed,Fully Meets,3.6,5,7,2/18/2019,0,13
"Oliver, Brooke ",10078,1,1,3,5,3,0,71966,0,1,21,Production Technician II,MA,2492,2/11/1952,0,F,0,Married,1,US Citizen,0,Asian,1,5/14/2012,8/19/2013,Unhappy,Voluntarily Terminated,Production,LinkedIn,Fully Meets,5,3,0,7/2/2013,0,17
"Horton, Jayne",10112,0,0,1,3,3,0,97999,1,0,8,Database Administrator,MA,2493,2/21/1984,0,F,0,Single,1,US Citizen,0,White,0,3/30/2015,,,Active,IT/IS,Indeed,Fully Meets,4.48,5,6,1/3/2019,0,4
"Roehrich, Bianca",10149,0,0,3,3,3,0,120000,0,1,31,Principal Data Architect,MA,2703,5/27/1973,0,F,0,Single,1,US Citizen,1,White,0,1/5/2015,11/10/2018,Another Position,Voluntarily Terminated,IT/IS,LinkedIn,Fully Meets,3.88,3,7,2/13/2018,0,12
"Steans, Tyrone  ",10147,0,0,1,2,3,0,63003,1,0,1,Accountant I,MA,2703,9/1/1986,1,M ,1,Single,1,US Citizen,0,White,0,9/29/2014,,,Active,Admin Offices,Indeed,Fully Meets,3.9,5,5,1/18/2019,0,9
"Sutwell, Barbara",10209,0,0,1,5,3,0,59238,1,0,20,Production Technician I,MA,2718,8/15/1968,0,F,0,Single,0,Eligible NonCitizen,0,Asian,1,5/14/2012,,,Active,Production,Indeed,Fully Meets,3.4,5,0,1/31/2019,0,13
"Volk, Colleen",10022,1,1,2,5,4,0,49773,0,1,20,Production Technician I,MA,2747,6/3/1986,0,F,0,Married,1,US Citizen,0,White,0,9/26/2011,2/8/2016,Gross Misconduct,Terminated for Cause,Production,Google Search,Exceeds,4.3,5,0,2/1/2015,0,18
"Pearson, Randall",10259,1,1,3,3,3,0,93093,0,1,9,Data Analyst,MA,2747,9/5/1984,1,M ,1,Married,1,US Citizen,0,White,0,12/1/2014,5/1/2016,Performance,Voluntarily Terminated,IT/IS,Employee Referral,Fully Meets,4.7,4,5,1/16/2016,0,19
"Sullivan, Timothy",10117,1,1,1,5,3,0,63025,1,0,20,Production Technician I,MA,2747,10/7/1982,1,M ,1,Married,1,US Citizen,1,White,0,1/5/2015,,,Active,Production,Google Search,Fully Meets,4.36,5,0,1/24/2019,0,10
"Chace, Beatrice ",10067,0,0,1,5,3,0,61656,1,0,20,Production Technician I,MA,2763,1/2/1951,0,F,0,Single,1,US Citizen,0,White,0,9/29/2014,,,Active,Production,Google Search,Fully Meets,5,4,0,2/12/2019,0,11
"Houlihan, Debra",10272,1,1,1,6,3,0,180000,1,0,11,Director of Sales,RI,2908,3/17/1966,0,F,0,Married,1,US Citizen,0,White,0,5/5/2014,,,Active,Sales,LinkedIn,Fully Meets,4.5,4,0,1/21/2019,0,19
"Hitchcock, Alfred",10167,1,1,1,6,3,0,70545,1,0,3,Area Sales Manager,NH,3062,9/14/1988,1,M ,1,Married,1,US Citizen,0,American Indian or Alaska Native,1,8/18/2014,,,Active,Sales,Indeed,Fully Meets,3.6,5,0,1/30/2019,0,9
"Villanueva, Noah",10253,0,0,1,6,3,0,55875,1,0,3,Area Sales Manager,ME,4063,7/11/1989,1,M ,1,Single,1,US Citizen,0,Asian,1,3/5/2012,,,Active,Sales,Website,Fully Meets,4.5,4,0,1/18/2019,0,11
"Daneault, Lynn",10099,0,0,1,6,3,0,65729,1,0,22,Sales Manager,VT,5473,4/19/1990,0,F,0,Single,1,US Citizen,0,White,0,5/5/2014,,,Active,Sales,Indeed,Fully Meets,4.62,4,0,1/24/2019,0,8
"Carter, Michelle ",10040,0,0,1,6,3,0,71860,1,0,3,Area Sales Manager,VT,5664,5/15/1963,0,F,0,Single,1,US Citizen,0,White,0,8/18/2014,,,Active,Sales,Indeed,Fully Meets,5,5,0,1/21/2019,0,7
"Booth, Frank",10199,0,0,2,3,3,0,103613,0,1,32,Enterprise Architect,CT,6033,7/30/1964,1,M ,1,Single,1,US Citizen,0,Black or African American,1,2/17/2014,2/19/2016,Legal Obligations,Terminated for Cause,IT/IS,LinkedIn,Fully Meets,3.5,5,7,1/10/2016,0,2
"Daniele, Ann  ",10212,1,1,1,3,3,0,85028,1,0,30,Sr. Network Engineer,CT,6033,1/18/1952,0,F,0,Married,1,US Citizen,0,White,0,11/10/2014,,,Active,IT/IS,LinkedIn,Fully Meets,3.1,5,8,2/12/2019,0,19
"Galia, Lisa",10273,0,0,1,3,3,0,65707,1,0,16,IT Support,CT,6040,7/6/1968,0,F,0,Single,1,US Citizen,0,White,0,5/1/2010,,,Active,IT/IS,LinkedIn,Fully Meets,4.7,4,5,2/1/2019,0,1
"Fraval, Maruk ",10258,0,0,1,6,3,0,67251,1,0,3,Area Sales Manager,CT,6050,8/28/1963,1,M ,1,Single,1,US Citizen,0,Black or African American,1,9/6/2011,,,Active,Sales,CareerBuilder,Fully Meets,4.3,3,0,1/27/2019,2,7
"Lindsay, Leonara ",10008,0,0,1,3,4,1,51777,1,0,16,IT Support,CT,6070,10/5/1988,0,F,0,Single,1,US Citizen,1,Black or African American,1,1/21/2011,,,Active,IT/IS,Diversity Job Fair,Exceeds,4.64,4,5,1/25/2019,0,14
"Cross, Noah",10083,0,0,1,3,3,0,92329,1,0,30,Sr. Network Engineer,CT,6278,9/9/1965,1,M ,1,Single,1,US Citizen,0,White,0,11/10/2014,,,Active,IT/IS,Employee Referral,Fully Meets,5,3,4,1/2/2019,0,5
"Kreuger, Freddy",10165,0,0,1,6,3,1,71339,1,0,3,Area Sales Manager,NY,10171,2/24/1969,1,M ,1,Single,1,US Citizen,1,Black or African American,1,3/7/2011,,,Active,Sales,Diversity Job Fair,Fully Meets,3.65,5,0,1/17/2019,0,20
"Kampew, Donysha",10244,0,0,3,6,3,0,68999,0,1,22,Sales Manager,PA,19444,11/11/1989,0,F,0,Single,1,US Citizen,0,White,0,11/7/2011,4/24/2014,Maternity Leave - Did Not Return,Voluntarily Terminated,Sales,Google Search,Fully Meets,4.5,5,0,3/30/2013,0,2
"Bunbury, Jessica",10188,1,1,3,6,3,0,74326,0,1,3,Area Sales Manager,VA,21851,6/1/1964,0,F,0,Married,0,Eligible NonCitizen,0,Black or African American,1,8/15/2011,8/2/2014,Another Position,Voluntarily Terminated,Sales,Google Search,Fully Meets,3.14,5,0,2/10/2013,1,19
"Ozark, Travis",10041,0,0,1,6,3,0,68829,1,0,3,Area Sales Manager,NC,27229,5/19/1982,1,M ,1,Single,1,US Citizen,0,White,0,1/5/2015,,,Active,Sales,Website,Fully Meets,5,5,0,1/14/2019,0,18
"Nguyen, Dheepa",10042,0,0,1,6,3,0,63695,1,0,3,Area Sales Manager,GA,30428,3/31/1989,0,F,0,Single,1,US Citizen,0,Two or more races,1,7/8/2013,,,Active,Sales,Indeed,Fully Meets,5,5,0,1/25/2019,0,2
"Onque, Jasmine",10121,0,0,1,6,3,0,63051,1,0,3,Area Sales Manager,FL,33174,5/11/1990,0,F,0,Single,1,US Citizen,1,White,0,9/30/2013,,,Active,Sales,Indeed,Fully Meets,4.28,3,0,1/25/2019,0,1
"Delarge, Alex",10306,0,0,1,6,1,0,61568,1,0,3,Area Sales Manager,AL,36006,11/2/1975,1,M ,1,Single,1,US Citizen,0,Two or more races,1,9/29/2014,,,Active,Sales,Indeed,PIP,1.93,3,0,1/30/2019,6,5
"Guilianno, Mike",10109,0,0,3,6,3,0,71707,0,1,3,Area Sales Manager,TN,37129,2/9/1969,1,M ,1,Single,1,US Citizen,0,Two or more races,1,3/7/2012,10/31/2014,Relocation Out of Area,Voluntarily Terminated,Sales,LinkedIn,Fully Meets,4.5,5,0,2/1/2013,0,20
"Potts, Xana",10124,1,1,1,6,3,0,61844,1,0,3,Area Sales Manager,KY,40220,8/29/1988,0,F,0,Married,1,US Citizen,0,Black or African American,1,1/9/2012,,,Active,Sales,Website,Fully Meets,4.2,5,0,2/1/2019,0,9
"Gill, Whitney  ",10142,0,4,2,6,3,0,59370,0,1,3,Area Sales Manager,OH,43050,7/10/1971,0,F,0,Widowed,1,US Citizen,0,Black or African American,1,7/7/2014,9/5/2015,Attendance Issues,Terminated for Cause,Sales,CareerBuilder,Fully Meets,3.97,4,0,1/15/2014,0,7
"Givens, Myriam",10255,0,0,1,6,3,0,61555,1,0,3,Area Sales Manager,IN,46204,9/22/1989,0,F,0,Single,1,US Citizen,0,White,0,2/16/2015,,,Active,Sales,Indeed,Fully Meets,4.5,5,0,1/25/2019,0,20
"Torrence, Jack",10013,0,3,1,6,4,0,64397,1,0,3,Area Sales Manager,ND,58782,1/15/1968,1,M ,1,Separated,1,US Citizen,0,White,0,1/9/2006,,,Active,Sales,Indeed,Exceeds,4.1,3,0,1/4/2019,0,6
"Strong, Caitrin",10241,1,1,1,6,3,0,60120,1,0,3,Area Sales Manager,MT,59102,5/12/1989,0,F,0,Married,1,US Citizen,0,Black or African American,1,9/27/2010,,,Active,Sales,Indeed,Fully Meets,4.1,4,0,1/31/2019,0,18
"Chigurh, Anton",10200,0,0,1,6,3,0,66808,1,0,3,Area Sales Manager,TX,78207,6/11/1970,1,M ,1,Single,0,Eligible NonCitizen,0,Black or African American,1,5/14/2012,,,Active,Sales,Employee Referral,Fully Meets,3,5,0,1/19/2019,0,17
"Barbossa, Hector",10012,0,2,1,3,4,1,92328,1,0,9,Data Analyst,TX,78230,7/4/1988,1,M ,1,Divorced,1,US Citizen,0,Black or African American,1,11/10/2014,,,Active,IT/IS,Diversity Job Fair,Exceeds,4.28,4,5,2/25/2019,0,9
"McKinzie, Jac",10202,1,1,1,6,3,0,63291,1,0,3,Area Sales Manager,TX,78789,7/1/1984,1,M ,1,Married,1,US Citizen,0,Two or more races,1,7/6/2016,,,Active,Sales,Website,Fully Meets,3.4,4,0,1/29/2019,0,7
"Khemmich, Bartholemew",10231,0,0,1,6,3,0,65310,1,0,3,Area Sales Manager,CO,80820,11/27/1979,1,M ,1,Single,1,US Citizen,0,White,0,8/19/2013,,,Active,Sales,Indeed,Fully Meets,4.3,5,0,1/22/2019,0,13
"Ren, Kylo",10140,1,1,1,6,3,0,61809,1,0,3,Area Sales Manager,ID,83706,10/12/1954,1,M ,1,Married,1,US Citizen,0,White,0,5/12/2014,,,Active,Sales,CareerBuilder,Fully Meets,3.98,3,0,1/28/2019,0,4
"Leruth, Giovanni",10103,0,3,1,6,3,0,70468,1,0,3,Area Sales Manager,UT,84111,12/27/1988,1,M ,1,Separated,1,US Citizen,0,Black or African American,1,4/30/2012,,,Active,Sales,Website,Fully Meets,4.53,3,0,1/29/2019,0,16
"Valentin,Jackie",10205,1,1,1,6,3,0,57859,1,0,3,Area Sales Manager,AZ,85006,5/23/1991,0,F,0,Married,1,US Citizen,0,Two or more races,1,7/5/2011,,,Active,Sales,Indeed,Fully Meets,2.81,3,0,1/17/2019,0,16
"Stansfield, Norman",10307,1,1,1,6,1,0,58273,1,0,3,Area Sales Manager,NV,89139,5/9/1974,1,M ,1,Married,1,US Citizen,0,White,0,5/12/2014,,,Active,Sales,Website,PIP,1.81,2,0,1/17/2019,3,5
"Driver, Elle",10006,0,0,1,6,4,0,74241,1,0,3,Area Sales Manager,CA,90007,11/8/1988,0,F,0,Single,1,US Citizen,0,White,0,1/10/2011,,,Active,Sales,Indeed,Exceeds,4.77,5,0,1/27/2019,0,14
"Terry, Sharlene ",10161,0,0,1,6,3,0,58370,1,0,3,Area Sales Manager,OR,97756,5/7/1965,0,F,0,Single,1,US Citizen,0,Black or African American,1,9/29/2014,,,Active,Sales,Indeed,Fully Meets,3.69,3,0,1/28/2019,0,18
"Dietrich, Jenna  ",10304,0,0,1,6,1,0,59231,1,0,3,Area Sales Manager,WA,98052,5/14/1987,0,F,0,Single,1,US Citizen,1,White,0,2/20/2012,,,Active,Sales,Website,PIP,2.3,1,0,1/29/2019,2,17
"Baczenski, Rachael  ",10252,1,1,3,5,3,1,54670,0,1,20,Production Technician I,MA,1902,1/12/1974,0,F,0,Married,1,US Citizen,1,Black or African American,1,1/10/2011,1/12/2017,Another Position,Voluntarily Terminated,Production,Diversity Job Fair,Fully Meets,4.2,4,0,1/30/2016,0,12
"Barton, Nader",10066,0,2,3,5,3,0,52505,0,1,20,Production Technician I,MA,2747,7/15/1977,1,M ,1,Divorced,1,US Citizen,0,White,0,9/24/2012,4/6/2017,Another Position,Voluntarily Terminated,Production,On-line Web application,Fully Meets,5,5,0,3/2/2017,0,1
